gs://rock-ai-us-central1/images/image00_00.jpeg,HOCH
gs://rock-ai-us-central1/images_augmentation/image00_00_0.jpeg,HOCH
gs://rock-ai-us-central1/images/image00_01.jpeg,HOCH
gs://rock-ai-us-central1/images_augmentation/image00_01_0.jpeg,HOCH
gs://rock-ai-us-central1/images/image00_02.jpeg,HOCH
gs://rock-ai-us-central1/images_augmentation/image00_02_0.jpeg,HOCH
gs://rock-ai-us-central1/images/image00_03.jpeg,HOCH
gs://rock-ai-us-central1/images_augmentation/image00_03_0.jpeg,HOCH
gs://rock-ai-us-central1/images/image00_04.jpeg,HOCH
gs://rock-ai-us-central1/images_augmentation/image00_04_0.jpeg,HOCH
gs://rock-ai-us-central1/images/image00_05.jpeg,HOCH
gs://rock-ai-us-central1/images_augmentation/image00_05_0.jpeg,HOCH
gs://rock-ai-us-central1/images/image00_06.jpeg,HOCH
gs://rock-ai-us-central1/images_augmentation/image00_06_0.jpeg,HOCH
gs://rock-ai-us-central1/images/image00_07.jpeg,HOCH
gs://rock-ai-us-central1/images_augmentation/image00_07_0.jpeg,HOCH
gs://rock-ai-us-central1/images/image01_00.jpeg,MITTEL
gs://rock-ai-us-central1/images_augmentation/image01_00_0.jpeg,MITTEL
gs://rock-ai-us-central1/images/image01_01.jpeg,MITTEL
gs://rock-ai-us-central1/images_augmentation/image01_01_0.jpeg,MITTEL
gs://rock-ai-us-central1/images/image01_02.jpeg,MITTEL
gs://rock-ai-us-central1/images_augmentation/image01_02_0.jpeg,MITTEL
gs://rock-ai-us-central1/images/image01_03.jpeg,MITTEL
gs://rock-ai-us-central1/images_augmentation/image01_03_0.jpeg,MITTEL
gs://rock-ai-us-central1/images/image02_00.jpeg,GERING
gs://rock-ai-us-central1/images_augmentation/image02_00_0.jpeg,GERING
gs://rock-ai-us-central1/images/image02_01.jpeg,GERING
gs://rock-ai-us-central1/images_augmentation/image02_01_0.jpeg,GERING
gs://rock-ai-us-central1/images/image02_02.jpeg,GERING
gs://rock-ai-us-central1/images_augmentation/image02_02_0.jpeg,GERING
gs://rock-ai-us-central1/images/image02_03.jpeg,GERING
gs://rock-ai-us-central1/images_augmentation/image02_03_0.jpeg,GERING
gs://rock-ai-us-central1/images/image02_04.jpeg,GERING
gs://rock-ai-us-central1/images_augmentation/image02_04_0.jpeg,GERING
gs://rock-ai-us-central1/images/image03_00.jpeg,GERING
gs://rock-ai-us-central1/images_augmentation/image03_00_0.jpeg,GERING
gs://rock-ai-us-central1/images/image03_01.jpeg,GERING
gs://rock-ai-us-central1/images_augmentation/image03_01_0.jpeg,GERING
gs://rock-ai-us-central1/images/image03_02.jpeg,GERING
gs://rock-ai-us-central1/images_augmentation/image03_02_0.jpeg,GERING
gs://rock-ai-us-central1/images/image03_03.jpeg,GERING
gs://rock-ai-us-central1/images_augmentation/image03_03_0.jpeg,GERING
gs://rock-ai-us-central1/images/image03_04.jpeg,GERING
gs://rock-ai-us-central1/images_augmentation/image03_04_0.jpeg,GERING
gs://rock-ai-us-central1/images/image04_00.jpeg,GERING
gs://rock-ai-us-central1/images_augmentation/image04_00_0.jpeg,GERING
gs://rock-ai-us-central1/images/image04_01.jpeg,GERING
gs://rock-ai-us-central1/images_augmentation/image04_01_0.jpeg,GERING
gs://rock-ai-us-central1/images/image04_02.jpeg,GERING
gs://rock-ai-us-central1/images_augmentation/image04_02_0.jpeg,GERING
gs://rock-ai-us-central1/images/image04_03.jpeg,GERING
gs://rock-ai-us-central1/images_augmentation/image04_03_0.jpeg,GERING
gs://rock-ai-us-central1/images/image04_04.jpeg,GERING
gs://rock-ai-us-central1/images_augmentation/image04_04_0.jpeg,GERING
gs://rock-ai-us-central1/images/image04_05.jpeg,GERING
gs://rock-ai-us-central1/images_augmentation/image04_05_0.jpeg,GERING
gs://rock-ai-us-central1/images/image04_06.jpeg,GERING
gs://rock-ai-us-central1/images_augmentation/image04_06_0.jpeg,GERING
gs://rock-ai-us-central1/images/image04_07.jpeg,GERING
gs://rock-ai-us-central1/images_augmentation/image04_07_0.jpeg,GERING
gs://rock-ai-us-central1/images/image04_08.jpeg,GERING
gs://rock-ai-us-central1/images_augmentation/image04_08_0.jpeg,GERING
gs://rock-ai-us-central1/images/image04_09.jpeg,GERING
gs://rock-ai-us-central1/images_augmentation/image04_09_0.jpeg,GERING
gs://rock-ai-us-central1/images/image05_00.jpeg,MITTEL
gs://rock-ai-us-central1/images_augmentation/image05_00_0.jpeg,MITTEL
gs://rock-ai-us-central1/images/image05_01.jpeg,MITTEL
gs://rock-ai-us-central1/images_augmentation/image05_01_0.jpeg,MITTEL
gs://rock-ai-us-central1/images/image05_02.jpeg,MITTEL
gs://rock-ai-us-central1/images_augmentation/image05_02_0.jpeg,MITTEL
gs://rock-ai-us-central1/images/image06_00.jpeg,GERING
gs://rock-ai-us-central1/images_augmentation/image06_00_0.jpeg,GERING
gs://rock-ai-us-central1/images/image06_01.jpeg,GERING
gs://rock-ai-us-central1/images_augmentation/image06_01_0.jpeg,GERING
gs://rock-ai-us-central1/images/image06_02.jpeg,GERING
gs://rock-ai-us-central1/images_augmentation/image06_02_0.jpeg,GERING
gs://rock-ai-us-central1/images/image06_03.jpeg,GERING
gs://rock-ai-us-central1/images_augmentation/image06_03_0.jpeg,GERING
gs://rock-ai-us-central1/images/image06_04.jpeg,GERING
gs://rock-ai-us-central1/images_augmentation/image06_04_0.jpeg,GERING
gs://rock-ai-us-central1/images/image06_05.jpeg,GERING
gs://rock-ai-us-central1/images_augmentation/image06_05_0.jpeg,GERING
gs://rock-ai-us-central1/images/image06_06.jpeg,GERING
gs://rock-ai-us-central1/images_augmentation/image06_06_0.jpeg,GERING
gs://rock-ai-us-central1/images/image06_07.jpeg,GERING
gs://rock-ai-us-central1/images_augmentation/image06_07_0.jpeg,GERING
gs://rock-ai-us-central1/images/image06_08.jpeg,GERING
gs://rock-ai-us-central1/images_augmentation/image06_08_0.jpeg,GERING
gs://rock-ai-us-central1/images/image07_00.jpeg,GERING
gs://rock-ai-us-central1/images_augmentation/image07_00_0.jpeg,GERING
gs://rock-ai-us-central1/images/image07_01.jpeg,GERING
gs://rock-ai-us-central1/images_augmentation/image07_01_0.jpeg,GERING
gs://rock-ai-us-central1/images/image07_02.jpeg,GERING
gs://rock-ai-us-central1/images_augmentation/image07_02_0.jpeg,GERING
gs://rock-ai-us-central1/images/image07_03.jpeg,GERING
gs://rock-ai-us-central1/images_augmentation/image07_03_0.jpeg,GERING
gs://rock-ai-us-central1/images/image08_00.jpeg,MITTEL
gs://rock-ai-us-central1/images_augmentation/image08_00_0.jpeg,MITTEL
gs://rock-ai-us-central1/images/image08_01.jpeg,MITTEL
gs://rock-ai-us-central1/images_augmentation/image08_01_0.jpeg,MITTEL
gs://rock-ai-us-central1/images/image08_02.jpeg,MITTEL
gs://rock-ai-us-central1/images_augmentation/image08_02_0.jpeg,MITTEL
gs://rock-ai-us-central1/images/image08_03.jpeg,MITTEL
gs://rock-ai-us-central1/images_augmentation/image08_03_0.jpeg,MITTEL
gs://rock-ai-us-central1/images/image08_04.jpeg,MITTEL
gs://rock-ai-us-central1/images_augmentation/image08_04_0.jpeg,MITTEL
gs://rock-ai-us-central1/images/image08_05.jpeg,MITTEL
gs://rock-ai-us-central1/images_augmentation/image08_05_0.jpeg,MITTEL
gs://rock-ai-us-central1/images/image09_00.jpeg,GERING
gs://rock-ai-us-central1/images_augmentation/image09_00_0.jpeg,GERING
gs://rock-ai-us-central1/images/image09_01.jpeg,GERING
gs://rock-ai-us-central1/images_augmentation/image09_01_0.jpeg,GERING
gs://rock-ai-us-central1/images/image09_02.jpeg,GERING
gs://rock-ai-us-central1/images_augmentation/image09_02_0.jpeg,GERING
gs://rock-ai-us-central1/images/image10_00.jpeg,MITTEL
gs://rock-ai-us-central1/images_augmentation/image10_00_0.jpeg,MITTEL
gs://rock-ai-us-central1/images/image10_01.jpeg,MITTEL
gs://rock-ai-us-central1/images_augmentation/image10_01_0.jpeg,MITTEL
gs://rock-ai-us-central1/images/image10_02.jpeg,MITTEL
gs://rock-ai-us-central1/images_augmentation/image10_02_0.jpeg,MITTEL
gs://rock-ai-us-central1/images/image11_00.jpeg,GERING
gs://rock-ai-us-central1/images_augmentation/image11_00_0.jpeg,GERING
gs://rock-ai-us-central1/images/image11_01.jpeg,GERING
gs://rock-ai-us-central1/images_augmentation/image11_01_0.jpeg,GERING
gs://rock-ai-us-central1/images/image12_00.jpeg,GERING
gs://rock-ai-us-central1/images_augmentation/image12_00_0.jpeg,GERING
gs://rock-ai-us-central1/images/image12_01.jpeg,GERING
gs://rock-ai-us-central1/images_augmentation/image12_01_0.jpeg,GERING
gs://rock-ai-us-central1/images/image12_02.jpeg,GERING
gs://rock-ai-us-central1/images_augmentation/image12_02_0.jpeg,GERING
gs://rock-ai-us-central1/images/image13_00.jpeg,SEHR_GERING
gs://rock-ai-us-central1/images_augmentation/image13_00_0.jpeg,SEHR_GERING
gs://rock-ai-us-central1/images/image13_01.jpeg,SEHR_GERING
gs://rock-ai-us-central1/images_augmentation/image13_01_0.jpeg,SEHR_GERING
gs://rock-ai-us-central1/images/image13_02.jpeg,SEHR_GERING
gs://rock-ai-us-central1/images_augmentation/image13_02_0.jpeg,SEHR_GERING
gs://rock-ai-us-central1/images/image14_00.jpeg,GERING
gs://rock-ai-us-central1/images_augmentation/image14_00_0.jpeg,GERING
gs://rock-ai-us-central1/images/image14_01.jpeg,GERING
gs://rock-ai-us-central1/images_augmentation/image14_01_0.jpeg,GERING
gs://rock-ai-us-central1/images/image14_02.jpeg,GERING
gs://rock-ai-us-central1/images_augmentation/image14_02_0.jpeg,GERING
gs://rock-ai-us-central1/images/image14_03.jpeg,GERING
gs://rock-ai-us-central1/images_augmentation/image14_03_0.jpeg,GERING
gs://rock-ai-us-central1/images/image14_04.jpeg,GERING
gs://rock-ai-us-central1/images_augmentation/image14_04_0.jpeg,GERING
gs://rock-ai-us-central1/images/image14_05.jpeg,GERING
gs://rock-ai-us-central1/images_augmentation/image14_05_0.jpeg,GERING
gs://rock-ai-us-central1/images/image14_06.jpeg,GERING
gs://rock-ai-us-central1/images_augmentation/image14_06_0.jpeg,GERING
gs://rock-ai-us-central1/images/image14_07.jpeg,GERING
gs://rock-ai-us-central1/images_augmentation/image14_07_0.jpeg,GERING
gs://rock-ai-us-central1/images/image14_08.jpeg,GERING
gs://rock-ai-us-central1/images_augmentation/image14_08_0.jpeg,GERING
gs://rock-ai-us-central1/images/image14_09.jpeg,GERING
gs://rock-ai-us-central1/images_augmentation/image14_09_0.jpeg,GERING
gs://rock-ai-us-central1/images/image15_00.jpeg,GERING
gs://rock-ai-us-central1/images_augmentation/image15_00_0.jpeg,GERING
gs://rock-ai-us-central1/images/image15_01.jpeg,GERING
gs://rock-ai-us-central1/images_augmentation/image15_01_0.jpeg,GERING
gs://rock-ai-us-central1/images/image15_02.jpeg,GERING
gs://rock-ai-us-central1/images_augmentation/image15_02_0.jpeg,GERING
gs://rock-ai-us-central1/images/image15_03.jpeg,GERING
gs://rock-ai-us-central1/images_augmentation/image15_03_0.jpeg,GERING
gs://rock-ai-us-central1/images/image15_04.jpeg,GERING
gs://rock-ai-us-central1/images_augmentation/image15_04_0.jpeg,GERING
gs://rock-ai-us-central1/images/image15_05.jpeg,GERING
gs://rock-ai-us-central1/images_augmentation/image15_05_0.jpeg,GERING
gs://rock-ai-us-central1/images/image15_06.jpeg,GERING
gs://rock-ai-us-central1/images_augmentation/image15_06_0.jpeg,GERING
gs://rock-ai-us-central1/images/image15_07.jpeg,GERING
gs://rock-ai-us-central1/images/image15_08.jpeg,GERING
gs://rock-ai-us-central1/images_augmentation/image15_08_0.jpeg,GERING
gs://rock-ai-us-central1/images/image15_09.jpeg,GERING
gs://rock-ai-us-central1/images_augmentation/image15_09_0.jpeg,GERING
gs://rock-ai-us-central1/images/image16_00.jpeg,SEHR_GERING
gs://rock-ai-us-central1/images_augmentation/image16_00_0.jpeg,SEHR_GERING
gs://rock-ai-us-central1/images/image16_01.jpeg,SEHR_GERING
gs://rock-ai-us-central1/images_augmentation/image16_01_0.jpeg,SEHR_GERING
gs://rock-ai-us-central1/images/image16_02.jpeg,SEHR_GERING
gs://rock-ai-us-central1/images_augmentation/image16_02_0.jpeg,SEHR_GERING
gs://rock-ai-us-central1/images/image17_00.jpeg,SEHR_GERING
gs://rock-ai-us-central1/images_augmentation/image17_00_0.jpeg,SEHR_GERING
gs://rock-ai-us-central1/images/image17_01.jpeg,SEHR_GERING
gs://rock-ai-us-central1/images_augmentation/image17_01_0.jpeg,SEHR_GERING
gs://rock-ai-us-central1/images/image18_00.jpeg,HOCH
gs://rock-ai-us-central1/images_augmentation/image18_00_0.jpeg,HOCH
gs://rock-ai-us-central1/images/image19_00.jpeg,GERING
gs://rock-ai-us-central1/images_augmentation/image19_00_0.jpeg,GERING
gs://rock-ai-us-central1/images/image20_00.jpeg,GERING
gs://rock-ai-us-central1/images_augmentation/image20_00_0.jpeg,GERING
gs://rock-ai-us-central1/images/image20_01.jpeg,GERING
gs://rock-ai-us-central1/images_augmentation/image20_01_0.jpeg,GERING
gs://rock-ai-us-central1/images/image20_02.jpeg,GERING
gs://rock-ai-us-central1/images_augmentation/image20_02_0.jpeg,GERING
gs://rock-ai-us-central1/images/image21_00.jpeg,MITTEL
gs://rock-ai-us-central1/images_augmentation/image21_00_0.jpeg,MITTEL
gs://rock-ai-us-central1/images/image21_01.jpeg,MITTEL
gs://rock-ai-us-central1/images_augmentation/image21_01_0.jpeg,MITTEL
gs://rock-ai-us-central1/images/image22_00.jpeg,GERING
gs://rock-ai-us-central1/images_augmentation/image22_00_0.jpeg,GERING
gs://rock-ai-us-central1/images/image22_01.jpeg,GERING
gs://rock-ai-us-central1/images_augmentation/image22_01_0.jpeg,GERING
gs://rock-ai-us-central1/images/image23_00.jpeg,HOCH
gs://rock-ai-us-central1/images_augmentation/image23_00_0.jpeg,HOCH
gs://rock-ai-us-central1/images/image23_01.jpeg,HOCH
gs://rock-ai-us-central1/images_augmentation/image23_01_0.jpeg,HOCH
gs://rock-ai-us-central1/images/image24_00.jpeg,MITTEL
gs://rock-ai-us-central1/images_augmentation/image24_00_0.jpeg,MITTEL
gs://rock-ai-us-central1/images/image24_01.jpeg,MITTEL
gs://rock-ai-us-central1/images_augmentation/image24_01_0.jpeg,MITTEL
gs://rock-ai-us-central1/images/image24_02.jpeg,MITTEL
gs://rock-ai-us-central1/images_augmentation/image24_02_0.jpeg,MITTEL
gs://rock-ai-us-central1/images/image24_03.jpeg,MITTEL
gs://rock-ai-us-central1/images_augmentation/image24_03_0.jpeg,MITTEL
gs://rock-ai-us-central1/images/image25_00.jpeg,SEHR_GERING
gs://rock-ai-us-central1/images_augmentation/image25_00_0.jpeg,SEHR_GERING
gs://rock-ai-us-central1/images/image25_01.jpeg,SEHR_GERING
gs://rock-ai-us-central1/images_augmentation/image25_01_0.jpeg,SEHR_GERING
gs://rock-ai-us-central1/images/image25_02.jpeg,SEHR_GERING
gs://rock-ai-us-central1/images_augmentation/image25_02_0.jpeg,SEHR_GERING
gs://rock-ai-us-central1/images/image25_03.jpeg,SEHR_GERING
gs://rock-ai-us-central1/images_augmentation/image25_03_0.jpeg,SEHR_GERING
gs://rock-ai-us-central1/images/image25_04.jpeg,SEHR_GERING
gs://rock-ai-us-central1/images_augmentation/image25_04_0.jpeg,SEHR_GERING
gs://rock-ai-us-central1/images/image25_05.jpeg,SEHR_GERING
gs://rock-ai-us-central1/images_augmentation/image25_05_0.jpeg,SEHR_GERING
gs://rock-ai-us-central1/images/image25_06.jpeg,SEHR_GERING
gs://rock-ai-us-central1/images_augmentation/image25_06_0.jpeg,SEHR_GERING
gs://rock-ai-us-central1/images/image25_07.jpeg,SEHR_GERING
gs://rock-ai-us-central1/images_augmentation/image25_07_0.jpeg,SEHR_GERING
gs://rock-ai-us-central1/images/image25_08.jpeg,SEHR_GERING
gs://rock-ai-us-central1/images_augmentation/image25_08_0.jpeg,SEHR_GERING
gs://rock-ai-us-central1/images/image25_09.jpeg,SEHR_GERING
gs://rock-ai-us-central1/images_augmentation/image25_09_0.jpeg,SEHR_GERING
gs://rock-ai-us-central1/images/image26_00.jpeg,MITTEL
gs://rock-ai-us-central1/images_augmentation/image26_00_0.jpeg,MITTEL
gs://rock-ai-us-central1/images/image26_01.jpeg,MITTEL
gs://rock-ai-us-central1/images_augmentation/image26_01_0.jpeg,MITTEL
gs://rock-ai-us-central1/images/image26_02.jpeg,MITTEL
gs://rock-ai-us-central1/images_augmentation/image26_02_0.jpeg,MITTEL
gs://rock-ai-us-central1/images/image26_03.jpeg,MITTEL
gs://rock-ai-us-central1/images_augmentation/image26_03_0.jpeg,MITTEL
gs://rock-ai-us-central1/images/image26_04.jpeg,MITTEL
gs://rock-ai-us-central1/images_augmentation/image26_04_0.jpeg,MITTEL
gs://rock-ai-us-central1/images/image26_05.jpeg,MITTEL
gs://rock-ai-us-central1/images_augmentation/image26_05_0.jpeg,MITTEL
gs://rock-ai-us-central1/images/image26_06.jpeg,MITTEL
gs://rock-ai-us-central1/images_augmentation/image26_06_0.jpeg,MITTEL
gs://rock-ai-us-central1/images/image26_07.jpeg,MITTEL
gs://rock-ai-us-central1/images_augmentation/image26_07_0.jpeg,MITTEL
gs://rock-ai-us-central1/images/image26_08.jpeg,MITTEL
gs://rock-ai-us-central1/images_augmentation/image26_08_0.jpeg,MITTEL
gs://rock-ai-us-central1/images/image26_09.jpeg,MITTEL
gs://rock-ai-us-central1/images_augmentation/image26_09_0.jpeg,MITTEL
gs://rock-ai-us-central1/images/image27_00.jpeg,HOCH
gs://rock-ai-us-central1/images_augmentation/image27_00_0.jpeg,HOCH
gs://rock-ai-us-central1/images/image27_01.jpeg,HOCH
gs://rock-ai-us-central1/images_augmentation/image27_01_0.jpeg,HOCH
gs://rock-ai-us-central1/images/image27_02.jpeg,HOCH
gs://rock-ai-us-central1/images_augmentation/image27_02_0.jpeg,HOCH
gs://rock-ai-us-central1/images/image27_03.jpeg,HOCH
gs://rock-ai-us-central1/images_augmentation/image27_03_0.jpeg,HOCH
gs://rock-ai-us-central1/images/image27_04.jpeg,HOCH
gs://rock-ai-us-central1/images_augmentation/image27_04_0.jpeg,HOCH
gs://rock-ai-us-central1/images/image27_05.jpeg,HOCH
gs://rock-ai-us-central1/images_augmentation/image27_05_0.jpeg,HOCH
gs://rock-ai-us-central1/images/image27_06.jpeg,HOCH
gs://rock-ai-us-central1/images_augmentation/image27_06_0.jpeg,HOCH
gs://rock-ai-us-central1/images/image27_07.jpeg,HOCH
gs://rock-ai-us-central1/images_augmentation/image27_07_0.jpeg,HOCH
gs://rock-ai-us-central1/images/image28_00.jpeg,MITTEL
gs://rock-ai-us-central1/images_augmentation/image28_00_0.jpeg,MITTEL
gs://rock-ai-us-central1/images/image28_01.jpeg,MITTEL
gs://rock-ai-us-central1/images_augmentation/image28_01_0.jpeg,MITTEL
gs://rock-ai-us-central1/images/image28_02.jpeg,MITTEL
gs://rock-ai-us-central1/images_augmentation/image28_02_0.jpeg,MITTEL
gs://rock-ai-us-central1/images/image29_00.jpeg,GERING
gs://rock-ai-us-central1/images_augmentation/image29_00_0.jpeg,GERING
gs://rock-ai-us-central1/images/image30_00.jpeg,GERING
gs://rock-ai-us-central1/images_augmentation/image30_00_0.jpeg,GERING
gs://rock-ai-us-central1/images/image30_01.jpeg,GERING
gs://rock-ai-us-central1/images_augmentation/image30_01_0.jpeg,GERING
gs://rock-ai-us-central1/images/image30_02.jpeg,GERING
gs://rock-ai-us-central1/images_augmentation/image30_02_0.jpeg,GERING
gs://rock-ai-us-central1/images/image30_03.jpeg,GERING
gs://rock-ai-us-central1/images_augmentation/image30_03_0.jpeg,GERING
gs://rock-ai-us-central1/images/image30_04.jpeg,GERING
gs://rock-ai-us-central1/images_augmentation/image30_04_0.jpeg,GERING
gs://rock-ai-us-central1/images/image30_05.jpeg,GERING
gs://rock-ai-us-central1/images_augmentation/image30_05_0.jpeg,GERING
gs://rock-ai-us-central1/images/image30_06.jpeg,GERING
gs://rock-ai-us-central1/images_augmentation/image30_06_0.jpeg,GERING
gs://rock-ai-us-central1/images/image30_07.jpeg,GERING
gs://rock-ai-us-central1/images_augmentation/image30_07_0.jpeg,GERING
gs://rock-ai-us-central1/images/image30_08.jpeg,GERING
gs://rock-ai-us-central1/images_augmentation/image30_08_0.jpeg,GERING
gs://rock-ai-us-central1/images/image30_09.jpeg,GERING
gs://rock-ai-us-central1/images_augmentation/image30_09_0.jpeg,GERING
gs://rock-ai-us-central1/images/image31_00.jpeg,MITTEL
gs://rock-ai-us-central1/images_augmentation/image31_00_0.jpeg,MITTEL
gs://rock-ai-us-central1/images/image31_01.jpeg,MITTEL
gs://rock-ai-us-central1/images_augmentation/image31_01_0.jpeg,MITTEL
gs://rock-ai-us-central1/images/image31_02.jpeg,MITTEL
gs://rock-ai-us-central1/images_augmentation/image31_02_0.jpeg,MITTEL
gs://rock-ai-us-central1/images/image31_03.jpeg,MITTEL
gs://rock-ai-us-central1/images_augmentation/image31_03_0.jpeg,MITTEL
gs://rock-ai-us-central1/images/image31_04.jpeg,MITTEL
gs://rock-ai-us-central1/images_augmentation/image31_04_0.jpeg,MITTEL
gs://rock-ai-us-central1/images/image31_05.jpeg,MITTEL
gs://rock-ai-us-central1/images_augmentation/image31_05_0.jpeg,MITTEL
gs://rock-ai-us-central1/images/image31_06.jpeg,MITTEL
gs://rock-ai-us-central1/images_augmentation/image31_06_0.jpeg,MITTEL
gs://rock-ai-us-central1/images/image32_00.jpeg,HOCH
gs://rock-ai-us-central1/images_augmentation/image32_00_0.jpeg,HOCH
gs://rock-ai-us-central1/images/image32_01.jpeg,HOCH
gs://rock-ai-us-central1/images_augmentation/image32_01_0.jpeg,HOCH
gs://rock-ai-us-central1/images/image32_02.jpeg,HOCH
gs://rock-ai-us-central1/images_augmentation/image32_02_0.jpeg,HOCH
gs://rock-ai-us-central1/images/image32_03.jpeg,HOCH
gs://rock-ai-us-central1/images_augmentation/image32_03_0.jpeg,HOCH
gs://rock-ai-us-central1/images/image32_04.jpeg,HOCH
gs://rock-ai-us-central1/images_augmentation/image32_04_0.jpeg,HOCH
gs://rock-ai-us-central1/images/image32_05.jpeg,HOCH
gs://rock-ai-us-central1/images_augmentation/image32_05_0.jpeg,HOCH
gs://rock-ai-us-central1/images/image32_06.jpeg,HOCH
gs://rock-ai-us-central1/images_augmentation/image32_06_0.jpeg,HOCH
gs://rock-ai-us-central1/images/image32_07.jpeg,HOCH
gs://rock-ai-us-central1/images_augmentation/image32_07_0.jpeg,HOCH
gs://rock-ai-us-central1/images/image32_08.jpeg,HOCH
gs://rock-ai-us-central1/images_augmentation/image32_08_0.jpeg,HOCH
gs://rock-ai-us-central1/images/image32_09.jpeg,HOCH
gs://rock-ai-us-central1/images_augmentation/image32_09_0.jpeg,HOCH
gs://rock-ai-us-central1/images/image33_00.jpeg,GERING
gs://rock-ai-us-central1/images_augmentation/image33_00_0.jpeg,GERING
gs://rock-ai-us-central1/images/image33_01.jpeg,GERING
gs://rock-ai-us-central1/images_augmentation/image33_01_0.jpeg,GERING
gs://rock-ai-us-central1/images/image33_02.jpeg,GERING
gs://rock-ai-us-central1/images_augmentation/image33_02_0.jpeg,GERING
gs://rock-ai-us-central1/images/image33_03.jpeg,GERING
gs://rock-ai-us-central1/images_augmentation/image33_03_0.jpeg,GERING
gs://rock-ai-us-central1/images/image34_00.jpeg,GERING
gs://rock-ai-us-central1/images_augmentation/image34_00_0.jpeg,GERING
gs://rock-ai-us-central1/images/image34_01.jpeg,GERING
gs://rock-ai-us-central1/images_augmentation/image34_01_0.jpeg,GERING
gs://rock-ai-us-central1/images/image34_02.jpeg,GERING
gs://rock-ai-us-central1/images_augmentation/image34_02_0.jpeg,GERING
gs://rock-ai-us-central1/images/image34_03.jpeg,GERING
gs://rock-ai-us-central1/images_augmentation/image34_03_0.jpeg,GERING
gs://rock-ai-us-central1/images/image34_04.jpeg,GERING
gs://rock-ai-us-central1/images_augmentation/image34_04_0.jpeg,GERING
gs://rock-ai-us-central1/images/image34_05.jpeg,GERING
gs://rock-ai-us-central1/images_augmentation/image34_05_0.jpeg,GERING
gs://rock-ai-us-central1/images/image34_06.jpeg,GERING
gs://rock-ai-us-central1/images_augmentation/image34_06_0.jpeg,GERING
gs://rock-ai-us-central1/images/image35_00.jpeg,GERING
gs://rock-ai-us-central1/images_augmentation/image35_00_0.jpeg,GERING
gs://rock-ai-us-central1/images/image35_01.jpeg,GERING
gs://rock-ai-us-central1/images_augmentation/image35_01_0.jpeg,GERING
gs://rock-ai-us-central1/images/image35_02.jpeg,GERING
gs://rock-ai-us-central1/images_augmentation/image35_02_0.jpeg,GERING
gs://rock-ai-us-central1/images/image35_03.jpeg,GERING
gs://rock-ai-us-central1/images_augmentation/image35_03_0.jpeg,GERING
gs://rock-ai-us-central1/images/image35_04.jpeg,GERING
gs://rock-ai-us-central1/images_augmentation/image35_04_0.jpeg,GERING
gs://rock-ai-us-central1/images/image35_05.jpeg,GERING
gs://rock-ai-us-central1/images_augmentation/image35_05_0.jpeg,GERING
gs://rock-ai-us-central1/images/image35_06.jpeg,GERING
gs://rock-ai-us-central1/images_augmentation/image35_06_0.jpeg,GERING
gs://rock-ai-us-central1/images/image35_07.jpeg,GERING
gs://rock-ai-us-central1/images_augmentation/image35_07_0.jpeg,GERING
gs://rock-ai-us-central1/images/image35_08.jpeg,GERING
gs://rock-ai-us-central1/images_augmentation/image35_08_0.jpeg,GERING
gs://rock-ai-us-central1/images/image35_09.jpeg,GERING
gs://rock-ai-us-central1/images_augmentation/image35_09_0.jpeg,GERING
gs://rock-ai-us-central1/images/image36_00.jpeg,GERING
gs://rock-ai-us-central1/images_augmentation/image36_00_0.jpeg,GERING
gs://rock-ai-us-central1/images/image36_01.jpeg,GERING
gs://rock-ai-us-central1/images_augmentation/image36_01_0.jpeg,GERING
gs://rock-ai-us-central1/images/image36_02.jpeg,GERING
gs://rock-ai-us-central1/images_augmentation/image36_02_0.jpeg,GERING
gs://rock-ai-us-central1/images/image36_03.jpeg,GERING
gs://rock-ai-us-central1/images_augmentation/image36_03_0.jpeg,GERING
gs://rock-ai-us-central1/images/image36_04.jpeg,GERING
gs://rock-ai-us-central1/images_augmentation/image36_04_0.jpeg,GERING
gs://rock-ai-us-central1/images/image37_00.jpeg,MITTEL
gs://rock-ai-us-central1/images_augmentation/image37_00_0.jpeg,MITTEL
gs://rock-ai-us-central1/images/image37_01.jpeg,MITTEL
gs://rock-ai-us-central1/images_augmentation/image37_01_0.jpeg,MITTEL
gs://rock-ai-us-central1/images/image37_02.jpeg,MITTEL
gs://rock-ai-us-central1/images_augmentation/image37_02_0.jpeg,MITTEL
gs://rock-ai-us-central1/images/image37_03.jpeg,MITTEL
gs://rock-ai-us-central1/images_augmentation/image37_03_0.jpeg,MITTEL
gs://rock-ai-us-central1/images/image37_04.jpeg,MITTEL
gs://rock-ai-us-central1/images_augmentation/image37_04_0.jpeg,MITTEL
gs://rock-ai-us-central1/images/image37_05.jpeg,MITTEL
gs://rock-ai-us-central1/images_augmentation/image37_05_0.jpeg,MITTEL
gs://rock-ai-us-central1/images/image38_00.jpeg,MITTEL
gs://rock-ai-us-central1/images_augmentation/image38_00_0.jpeg,MITTEL
gs://rock-ai-us-central1/images/image38_01.jpeg,MITTEL
gs://rock-ai-us-central1/images_augmentation/image38_01_0.jpeg,MITTEL
gs://rock-ai-us-central1/images/image38_02.jpeg,MITTEL
gs://rock-ai-us-central1/images_augmentation/image38_02_0.jpeg,MITTEL
gs://rock-ai-us-central1/images/image38_03.jpeg,MITTEL
gs://rock-ai-us-central1/images_augmentation/image38_03_0.jpeg,MITTEL
gs://rock-ai-us-central1/images/image38_04.jpeg,MITTEL
gs://rock-ai-us-central1/images_augmentation/image38_04_0.jpeg,MITTEL
gs://rock-ai-us-central1/images/image38_05.jpeg,MITTEL
gs://rock-ai-us-central1/images_augmentation/image38_05_0.jpeg,MITTEL
gs://rock-ai-us-central1/images/image39_00.jpeg,GERING
gs://rock-ai-us-central1/images_augmentation/image39_00_0.jpeg,GERING
gs://rock-ai-us-central1/images/image39_01.jpeg,GERING
gs://rock-ai-us-central1/images_augmentation/image39_01_0.jpeg,GERING
gs://rock-ai-us-central1/images/image39_02.jpeg,GERING
gs://rock-ai-us-central1/images_augmentation/image39_02_0.jpeg,GERING
gs://rock-ai-us-central1/images/image40_00.jpeg,MITTEL
gs://rock-ai-us-central1/images_augmentation/image40_00_0.jpeg,MITTEL
gs://rock-ai-us-central1/images/image40_01.jpeg,MITTEL
gs://rock-ai-us-central1/images_augmentation/image40_01_0.jpeg,MITTEL
gs://rock-ai-us-central1/images/image40_02.jpeg,MITTEL
gs://rock-ai-us-central1/images_augmentation/image40_02_0.jpeg,MITTEL
gs://rock-ai-us-central1/images/image40_03.jpeg,MITTEL
gs://rock-ai-us-central1/images_augmentation/image40_03_0.jpeg,MITTEL
gs://rock-ai-us-central1/images/image41_00.jpeg,SEHR_GERING
gs://rock-ai-us-central1/images_augmentation/image41_00_0.jpeg,SEHR_GERING
gs://rock-ai-us-central1/images/image41_01.jpeg,SEHR_GERING
gs://rock-ai-us-central1/images_augmentation/image41_01_0.jpeg,SEHR_GERING
gs://rock-ai-us-central1/images/image41_02.jpeg,SEHR_GERING
gs://rock-ai-us-central1/images_augmentation/image41_02_0.jpeg,SEHR_GERING
gs://rock-ai-us-central1/images/image42_00.jpeg,HOCH
gs://rock-ai-us-central1/images_augmentation/image42_00_0.jpeg,HOCH
gs://rock-ai-us-central1/images/image42_01.jpeg,HOCH
gs://rock-ai-us-central1/images_augmentation/image42_01_0.jpeg,HOCH
gs://rock-ai-us-central1/images/image42_02.jpeg,HOCH
gs://rock-ai-us-central1/images_augmentation/image42_02_0.jpeg,HOCH
gs://rock-ai-us-central1/images/image42_03.jpeg,HOCH
gs://rock-ai-us-central1/images_augmentation/image42_03_0.jpeg,HOCH
gs://rock-ai-us-central1/images/image42_04.jpeg,HOCH
gs://rock-ai-us-central1/images_augmentation/image42_04_0.jpeg,HOCH
gs://rock-ai-us-central1/images/image42_05.jpeg,HOCH
gs://rock-ai-us-central1/images_augmentation/image42_05_0.jpeg,HOCH
gs://rock-ai-us-central1/images/image42_06.jpeg,HOCH
gs://rock-ai-us-central1/images_augmentation/image42_06_0.jpeg,HOCH
gs://rock-ai-us-central1/images/image43_00.jpeg,GERING
gs://rock-ai-us-central1/images_augmentation/image43_00_0.jpeg,GERING
gs://rock-ai-us-central1/images/image43_01.jpeg,GERING
gs://rock-ai-us-central1/images_augmentation/image43_01_0.jpeg,GERING
gs://rock-ai-us-central1/images/image43_02.jpeg,GERING
gs://rock-ai-us-central1/images_augmentation/image43_02_0.jpeg,GERING
gs://rock-ai-us-central1/images/image43_03.jpeg,GERING
gs://rock-ai-us-central1/images_augmentation/image43_03_0.jpeg,GERING
gs://rock-ai-us-central1/images/image43_04.jpeg,GERING
gs://rock-ai-us-central1/images_augmentation/image43_04_0.jpeg,GERING
gs://rock-ai-us-central1/images/image44_00.jpeg,MITTEL
gs://rock-ai-us-central1/images_augmentation/image44_00_0.jpeg,MITTEL
gs://rock-ai-us-central1/images/image44_01.jpeg,MITTEL
gs://rock-ai-us-central1/images_augmentation/image44_01_0.jpeg,MITTEL
gs://rock-ai-us-central1/images/image44_02.jpeg,MITTEL
gs://rock-ai-us-central1/images_augmentation/image44_02_0.jpeg,MITTEL
gs://rock-ai-us-central1/images/image44_03.jpeg,MITTEL
gs://rock-ai-us-central1/images_augmentation/image44_03_0.jpeg,MITTEL
gs://rock-ai-us-central1/images/image44_04.jpeg,MITTEL
gs://rock-ai-us-central1/images_augmentation/image44_04_0.jpeg,MITTEL
gs://rock-ai-us-central1/images/image44_05.jpeg,MITTEL
gs://rock-ai-us-central1/images_augmentation/image44_05_0.jpeg,MITTEL
gs://rock-ai-us-central1/images/image44_06.jpeg,MITTEL
gs://rock-ai-us-central1/images_augmentation/image44_06_0.jpeg,MITTEL
gs://rock-ai-us-central1/images/image44_07.jpeg,MITTEL
gs://rock-ai-us-central1/images_augmentation/image44_07_0.jpeg,MITTEL
gs://rock-ai-us-central1/images/image44_08.jpeg,MITTEL
gs://rock-ai-us-central1/images_augmentation/image44_08_0.jpeg,MITTEL
gs://rock-ai-us-central1/images/image44_09.jpeg,MITTEL
gs://rock-ai-us-central1/images_augmentation/image44_09_0.jpeg,MITTEL
gs://rock-ai-us-central1/images/image45_00.jpeg,MITTEL
gs://rock-ai-us-central1/images_augmentation/image45_00_0.jpeg,MITTEL
gs://rock-ai-us-central1/images/image46_00.jpeg,MITTEL
gs://rock-ai-us-central1/images_augmentation/image46_00_0.jpeg,MITTEL
gs://rock-ai-us-central1/images/image46_01.jpeg,MITTEL
gs://rock-ai-us-central1/images_augmentation/image46_01_0.jpeg,MITTEL
gs://rock-ai-us-central1/images/image47_00.jpeg,GERING
gs://rock-ai-us-central1/images_augmentation/image47_00_0.jpeg,GERING
gs://rock-ai-us-central1/images/image47_01.jpeg,GERING
gs://rock-ai-us-central1/images_augmentation/image47_01_0.jpeg,GERING
gs://rock-ai-us-central1/images/image47_02.jpeg,GERING
gs://rock-ai-us-central1/images_augmentation/image47_02_0.jpeg,GERING
gs://rock-ai-us-central1/images/image47_03.jpeg,GERING
gs://rock-ai-us-central1/images_augmentation/image47_03_0.jpeg,GERING
gs://rock-ai-us-central1/images/image47_04.jpeg,GERING
gs://rock-ai-us-central1/images_augmentation/image47_04_0.jpeg,GERING
gs://rock-ai-us-central1/images/image47_05.jpeg,GERING
gs://rock-ai-us-central1/images_augmentation/image47_05_0.jpeg,GERING
gs://rock-ai-us-central1/images/image47_06.jpeg,GERING
gs://rock-ai-us-central1/images_augmentation/image47_06_0.jpeg,GERING
gs://rock-ai-us-central1/images/image47_07.jpeg,GERING
gs://rock-ai-us-central1/images_augmentation/image47_07_0.jpeg,GERING
gs://rock-ai-us-central1/images/image48_00.jpeg,GERING
gs://rock-ai-us-central1/images_augmentation/image48_00_0.jpeg,GERING
gs://rock-ai-us-central1/images/image48_01.jpeg,GERING
gs://rock-ai-us-central1/images_augmentation/image48_01_0.jpeg,GERING
gs://rock-ai-us-central1/images/image48_02.jpeg,GERING
gs://rock-ai-us-central1/images_augmentation/image48_02_0.jpeg,GERING
gs://rock-ai-us-central1/images/image48_03.jpeg,GERING
gs://rock-ai-us-central1/images_augmentation/image48_03_0.jpeg,GERING
gs://rock-ai-us-central1/images/image48_04.jpeg,GERING
gs://rock-ai-us-central1/images_augmentation/image48_04_0.jpeg,GERING
gs://rock-ai-us-central1/images/image48_05.jpeg,GERING
gs://rock-ai-us-central1/images_augmentation/image48_05_0.jpeg,GERING
gs://rock-ai-us-central1/images/image49_00.jpeg,GERING
gs://rock-ai-us-central1/images_augmentation/image49_00_0.jpeg,GERING
gs://rock-ai-us-central1/images/image49_01.jpeg,GERING
gs://rock-ai-us-central1/images_augmentation/image49_01_0.jpeg,GERING
gs://rock-ai-us-central1/images/image49_02.jpeg,GERING
gs://rock-ai-us-central1/images_augmentation/image49_02_0.jpeg,GERING
gs://rock-ai-us-central1/images/image49_03.jpeg,GERING
gs://rock-ai-us-central1/images_augmentation/image49_03_0.jpeg,GERING
gs://rock-ai-us-central1/images/image49_04.jpeg,GERING
gs://rock-ai-us-central1/images_augmentation/image49_04_0.jpeg,GERING
gs://rock-ai-us-central1/images/image49_05.jpeg,GERING
gs://rock-ai-us-central1/images_augmentation/image49_05_0.jpeg,GERING
gs://rock-ai-us-central1/images/image49_06.jpeg,GERING
gs://rock-ai-us-central1/images_augmentation/image49_06_0.jpeg,GERING
gs://rock-ai-us-central1/images/image49_07.jpeg,GERING
gs://rock-ai-us-central1/images_augmentation/image49_07_0.jpeg,GERING
gs://rock-ai-us-central1/images/image50_00.jpeg,MITTEL
gs://rock-ai-us-central1/images_augmentation/image50_00_0.jpeg,MITTEL
gs://rock-ai-us-central1/images/image50_01.jpeg,MITTEL
gs://rock-ai-us-central1/images_augmentation/image50_01_0.jpeg,MITTEL
gs://rock-ai-us-central1/images/image50_02.jpeg,MITTEL
gs://rock-ai-us-central1/images_augmentation/image50_02_0.jpeg,MITTEL
gs://rock-ai-us-central1/images/image50_03.jpeg,MITTEL
gs://rock-ai-us-central1/images_augmentation/image50_03_0.jpeg,MITTEL
gs://rock-ai-us-central1/images/image51_00.jpeg,GERING
gs://rock-ai-us-central1/images_augmentation/image51_00_0.jpeg,GERING
gs://rock-ai-us-central1/images/image51_01.jpeg,GERING
gs://rock-ai-us-central1/images_augmentation/image51_01_0.jpeg,GERING
gs://rock-ai-us-central1/images/image51_02.jpeg,GERING
gs://rock-ai-us-central1/images_augmentation/image51_02_0.jpeg,GERING
gs://rock-ai-us-central1/images/image52_00.jpeg,SEHR_GERING
gs://rock-ai-us-central1/images_augmentation/image52_00_0.jpeg,SEHR_GERING
gs://rock-ai-us-central1/images/image52_01.jpeg,SEHR_GERING
gs://rock-ai-us-central1/images_augmentation/image52_01_0.jpeg,SEHR_GERING
gs://rock-ai-us-central1/images/image52_02.jpeg,SEHR_GERING
gs://rock-ai-us-central1/images_augmentation/image52_02_0.jpeg,SEHR_GERING
gs://rock-ai-us-central1/images/image52_03.jpeg,SEHR_GERING
gs://rock-ai-us-central1/images_augmentation/image52_03_0.jpeg,SEHR_GERING
gs://rock-ai-us-central1/images/image52_04.jpeg,SEHR_GERING
gs://rock-ai-us-central1/images_augmentation/image52_04_0.jpeg,SEHR_GERING
gs://rock-ai-us-central1/images/image52_05.jpeg,SEHR_GERING
gs://rock-ai-us-central1/images_augmentation/image52_05_0.jpeg,SEHR_GERING
gs://rock-ai-us-central1/images/image52_06.jpeg,SEHR_GERING
gs://rock-ai-us-central1/images_augmentation/image52_06_0.jpeg,SEHR_GERING
gs://rock-ai-us-central1/images/image53_00.jpeg,MITTEL
gs://rock-ai-us-central1/images_augmentation/image53_00_0.jpeg,MITTEL
gs://rock-ai-us-central1/images/image53_01.jpeg,MITTEL
gs://rock-ai-us-central1/images_augmentation/image53_01_0.jpeg,MITTEL
gs://rock-ai-us-central1/images/image53_02.jpeg,MITTEL
gs://rock-ai-us-central1/images_augmentation/image53_02_0.jpeg,MITTEL
gs://rock-ai-us-central1/images/image54_00.jpeg,HOCH
gs://rock-ai-us-central1/images_augmentation/image54_00_0.jpeg,HOCH
gs://rock-ai-us-central1/images/image54_01.jpeg,HOCH
gs://rock-ai-us-central1/images_augmentation/image54_01_0.jpeg,HOCH
gs://rock-ai-us-central1/images/image54_02.jpeg,HOCH
gs://rock-ai-us-central1/images_augmentation/image54_02_0.jpeg,HOCH
gs://rock-ai-us-central1/images/image54_03.jpeg,HOCH
gs://rock-ai-us-central1/images_augmentation/image54_03_0.jpeg,HOCH
gs://rock-ai-us-central1/images/image54_04.jpeg,HOCH
gs://rock-ai-us-central1/images_augmentation/image54_04_0.jpeg,HOCH
gs://rock-ai-us-central1/images/image54_05.jpeg,HOCH
gs://rock-ai-us-central1/images_augmentation/image54_05_0.jpeg,HOCH
gs://rock-ai-us-central1/images/image55_00.jpeg,HOCH
gs://rock-ai-us-central1/images_augmentation/image55_00_0.jpeg,HOCH
gs://rock-ai-us-central1/images/image55_01.jpeg,HOCH
gs://rock-ai-us-central1/images_augmentation/image55_01_0.jpeg,HOCH
gs://rock-ai-us-central1/images/image55_02.jpeg,HOCH
gs://rock-ai-us-central1/images_augmentation/image55_02_0.jpeg,HOCH
gs://rock-ai-us-central1/images/image55_03.jpeg,HOCH
gs://rock-ai-us-central1/images_augmentation/image55_03_0.jpeg,HOCH
gs://rock-ai-us-central1/images/image55_04.jpeg,HOCH
gs://rock-ai-us-central1/images_augmentation/image55_04_0.jpeg,HOCH
gs://rock-ai-us-central1/images/image56_00.jpeg,SEHR_GERING
gs://rock-ai-us-central1/images_augmentation/image56_00_0.jpeg,SEHR_GERING
gs://rock-ai-us-central1/images/image56_01.jpeg,SEHR_GERING
gs://rock-ai-us-central1/images_augmentation/image56_01_0.jpeg,SEHR_GERING
gs://rock-ai-us-central1/images/image56_02.jpeg,SEHR_GERING
gs://rock-ai-us-central1/images_augmentation/image56_02_0.jpeg,SEHR_GERING
gs://rock-ai-us-central1/images/image56_03.jpeg,SEHR_GERING
gs://rock-ai-us-central1/images_augmentation/image56_03_0.jpeg,SEHR_GERING
gs://rock-ai-us-central1/images/image57_00.jpeg,HOCH
gs://rock-ai-us-central1/images_augmentation/image57_00_0.jpeg,HOCH
gs://rock-ai-us-central1/images/image57_01.jpeg,HOCH
gs://rock-ai-us-central1/images_augmentation/image57_01_0.jpeg,HOCH
gs://rock-ai-us-central1/images/image57_02.jpeg,HOCH
gs://rock-ai-us-central1/images_augmentation/image57_02_0.jpeg,HOCH
gs://rock-ai-us-central1/images/image57_03.jpeg,HOCH
gs://rock-ai-us-central1/images_augmentation/image57_03_0.jpeg,HOCH
gs://rock-ai-us-central1/images/image58_00.jpeg,MITTEL
gs://rock-ai-us-central1/images_augmentation/image58_00_0.jpeg,MITTEL
gs://rock-ai-us-central1/images/image58_01.jpeg,MITTEL
gs://rock-ai-us-central1/images_augmentation/image58_01_0.jpeg,MITTEL
gs://rock-ai-us-central1/images/image58_02.jpeg,MITTEL
gs://rock-ai-us-central1/images_augmentation/image58_02_0.jpeg,MITTEL
gs://rock-ai-us-central1/images/image58_03.jpeg,MITTEL
gs://rock-ai-us-central1/images_augmentation/image58_03_0.jpeg,MITTEL
gs://rock-ai-us-central1/images/image59_00.jpeg,SEHR_GERING
gs://rock-ai-us-central1/images_augmentation/image59_00_0.jpeg,SEHR_GERING
gs://rock-ai-us-central1/images/image59_01.jpeg,SEHR_GERING
gs://rock-ai-us-central1/images_augmentation/image59_01_0.jpeg,SEHR_GERING
gs://rock-ai-us-central1/images/image59_02.jpeg,SEHR_GERING
gs://rock-ai-us-central1/images_augmentation/image59_02_0.jpeg,SEHR_GERING
gs://rock-ai-us-central1/images/image59_03.jpeg,SEHR_GERING
gs://rock-ai-us-central1/images_augmentation/image59_03_0.jpeg,SEHR_GERING
gs://rock-ai-us-central1/images/image60_00.jpeg,GERING
gs://rock-ai-us-central1/images_augmentation/image60_00_0.jpeg,GERING
gs://rock-ai-us-central1/images/image60_01.jpeg,GERING
gs://rock-ai-us-central1/images_augmentation/image60_01_0.jpeg,GERING
gs://rock-ai-us-central1/images/image60_02.jpeg,GERING
gs://rock-ai-us-central1/images_augmentation/image60_02_0.jpeg,GERING
gs://rock-ai-us-central1/images/image60_03.jpeg,GERING
gs://rock-ai-us-central1/images_augmentation/image60_03_0.jpeg,GERING
gs://rock-ai-us-central1/images/image60_04.jpeg,GERING
gs://rock-ai-us-central1/images_augmentation/image60_04_0.jpeg,GERING
gs://rock-ai-us-central1/images/image61_00.jpeg,GERING
gs://rock-ai-us-central1/images_augmentation/image61_00_0.jpeg,GERING
gs://rock-ai-us-central1/images/image61_01.jpeg,GERING
gs://rock-ai-us-central1/images_augmentation/image61_01_0.jpeg,GERING
gs://rock-ai-us-central1/images/image61_02.jpeg,GERING
gs://rock-ai-us-central1/images_augmentation/image61_02_0.jpeg,GERING
gs://rock-ai-us-central1/images/image61_03.jpeg,GERING
gs://rock-ai-us-central1/images_augmentation/image61_03_0.jpeg,GERING
gs://rock-ai-us-central1/images/image61_04.jpeg,GERING
gs://rock-ai-us-central1/images_augmentation/image61_04_0.jpeg,GERING
gs://rock-ai-us-central1/images/image61_05.jpeg,GERING
gs://rock-ai-us-central1/images_augmentation/image61_05_0.jpeg,GERING
gs://rock-ai-us-central1/images/image61_06.jpeg,GERING
gs://rock-ai-us-central1/images_augmentation/image61_06_0.jpeg,GERING
gs://rock-ai-us-central1/images/image61_07.jpeg,GERING
gs://rock-ai-us-central1/images_augmentation/image61_07_0.jpeg,GERING
gs://rock-ai-us-central1/images/image62_00.jpeg,GERING
gs://rock-ai-us-central1/images_augmentation/image62_00_0.jpeg,GERING
gs://rock-ai-us-central1/images/image62_01.jpeg,GERING
gs://rock-ai-us-central1/images_augmentation/image62_01_0.jpeg,GERING
gs://rock-ai-us-central1/images/image62_02.jpeg,GERING
gs://rock-ai-us-central1/images_augmentation/image62_02_0.jpeg,GERING
gs://rock-ai-us-central1/images/image63_00.jpeg,HOCH
gs://rock-ai-us-central1/images_augmentation/image63_00_0.jpeg,HOCH
gs://rock-ai-us-central1/images/image63_01.jpeg,HOCH
gs://rock-ai-us-central1/images_augmentation/image63_01_0.jpeg,HOCH
gs://rock-ai-us-central1/images/image63_02.jpeg,HOCH
gs://rock-ai-us-central1/images_augmentation/image63_02_0.jpeg,HOCH
gs://rock-ai-us-central1/images/image63_03.jpeg,HOCH
gs://rock-ai-us-central1/images_augmentation/image63_03_0.jpeg,HOCH
gs://rock-ai-us-central1/images/image63_04.jpeg,HOCH
gs://rock-ai-us-central1/images_augmentation/image63_04_0.jpeg,HOCH
gs://rock-ai-us-central1/images/image64_00.jpeg,MITTEL
gs://rock-ai-us-central1/images_augmentation/image64_00_0.jpeg,MITTEL
gs://rock-ai-us-central1/images/image64_01.jpeg,MITTEL
gs://rock-ai-us-central1/images_augmentation/image64_01_0.jpeg,MITTEL
gs://rock-ai-us-central1/images/image64_02.jpeg,MITTEL
gs://rock-ai-us-central1/images_augmentation/image64_02_0.jpeg,MITTEL
gs://rock-ai-us-central1/images/image64_03.jpeg,MITTEL
gs://rock-ai-us-central1/images_augmentation/image64_03_0.jpeg,MITTEL
gs://rock-ai-us-central1/images/image64_04.jpeg,MITTEL
gs://rock-ai-us-central1/images_augmentation/image64_04_0.jpeg,MITTEL
gs://rock-ai-us-central1/images/image64_05.jpeg,MITTEL
gs://rock-ai-us-central1/images_augmentation/image64_05_0.jpeg,MITTEL
gs://rock-ai-us-central1/images/image64_06.jpeg,MITTEL
gs://rock-ai-us-central1/images_augmentation/image64_06_0.jpeg,MITTEL
gs://rock-ai-us-central1/images/image64_07.jpeg,MITTEL
gs://rock-ai-us-central1/images_augmentation/image64_07_0.jpeg,MITTEL
gs://rock-ai-us-central1/images/image65_00.jpeg,HOCH
gs://rock-ai-us-central1/images_augmentation/image65_00_0.jpeg,HOCH
gs://rock-ai-us-central1/images/image65_01.jpeg,HOCH
gs://rock-ai-us-central1/images_augmentation/image65_01_0.jpeg,HOCH
gs://rock-ai-us-central1/images/image65_02.jpeg,HOCH
gs://rock-ai-us-central1/images_augmentation/image65_02_0.jpeg,HOCH
gs://rock-ai-us-central1/images/image65_03.jpeg,HOCH
gs://rock-ai-us-central1/images_augmentation/image65_03_0.jpeg,HOCH
gs://rock-ai-us-central1/images/image66_00.jpeg,MITTEL
gs://rock-ai-us-central1/images_augmentation/image66_00_0.jpeg,MITTEL
gs://rock-ai-us-central1/images/image66_01.jpeg,MITTEL
gs://rock-ai-us-central1/images_augmentation/image66_01_0.jpeg,MITTEL
gs://rock-ai-us-central1/images/image66_02.jpeg,MITTEL
gs://rock-ai-us-central1/images_augmentation/image66_02_0.jpeg,MITTEL
gs://rock-ai-us-central1/images/image66_03.jpeg,MITTEL
gs://rock-ai-us-central1/images_augmentation/image66_03_0.jpeg,MITTEL
gs://rock-ai-us-central1/images/image66_04.jpeg,MITTEL
gs://rock-ai-us-central1/images_augmentation/image66_04_0.jpeg,MITTEL
gs://rock-ai-us-central1/images/image66_05.jpeg,MITTEL
gs://rock-ai-us-central1/images_augmentation/image66_05_0.jpeg,MITTEL
gs://rock-ai-us-central1/images/image67_00.jpeg,MITTEL
gs://rock-ai-us-central1/images_augmentation/image67_00_0.jpeg,MITTEL
gs://rock-ai-us-central1/images/image67_01.jpeg,MITTEL
gs://rock-ai-us-central1/images_augmentation/image67_01_0.jpeg,MITTEL
gs://rock-ai-us-central1/images/image67_02.jpeg,MITTEL
gs://rock-ai-us-central1/images_augmentation/image67_02_0.jpeg,MITTEL
gs://rock-ai-us-central1/images/image67_03.jpeg,MITTEL
gs://rock-ai-us-central1/images_augmentation/image67_03_0.jpeg,MITTEL
gs://rock-ai-us-central1/images/image67_04.jpeg,MITTEL
gs://rock-ai-us-central1/images_augmentation/image67_04_0.jpeg,MITTEL
gs://rock-ai-us-central1/images/image67_05.jpeg,MITTEL
gs://rock-ai-us-central1/images_augmentation/image67_05_0.jpeg,MITTEL
gs://rock-ai-us-central1/images/image67_06.jpeg,MITTEL
gs://rock-ai-us-central1/images_augmentation/image67_06_0.jpeg,MITTEL
gs://rock-ai-us-central1/images/image67_07.jpeg,MITTEL
gs://rock-ai-us-central1/images_augmentation/image67_07_0.jpeg,MITTEL
gs://rock-ai-us-central1/images/image67_08.jpeg,MITTEL
gs://rock-ai-us-central1/images_augmentation/image67_08_0.jpeg,MITTEL
gs://rock-ai-us-central1/images/image67_09.jpeg,MITTEL
gs://rock-ai-us-central1/images_augmentation/image67_09_0.jpeg,MITTEL
gs://rock-ai-us-central1/images/image68_00.jpeg,GERING
gs://rock-ai-us-central1/images_augmentation/image68_00_0.jpeg,GERING
gs://rock-ai-us-central1/images/image68_01.jpeg,GERING
gs://rock-ai-us-central1/images_augmentation/image68_01_0.jpeg,GERING
gs://rock-ai-us-central1/images/image68_02.jpeg,GERING
gs://rock-ai-us-central1/images_augmentation/image68_02_0.jpeg,GERING
gs://rock-ai-us-central1/images/image68_03.jpeg,GERING
gs://rock-ai-us-central1/images_augmentation/image68_03_0.jpeg,GERING
gs://rock-ai-us-central1/images/image68_04.jpeg,GERING
gs://rock-ai-us-central1/images_augmentation/image68_04_0.jpeg,GERING
gs://rock-ai-us-central1/images/image68_05.jpeg,GERING
gs://rock-ai-us-central1/images_augmentation/image68_05_0.jpeg,GERING
gs://rock-ai-us-central1/images/image68_06.jpeg,GERING
gs://rock-ai-us-central1/images_augmentation/image68_06_0.jpeg,GERING
gs://rock-ai-us-central1/images/image68_07.jpeg,GERING
gs://rock-ai-us-central1/images_augmentation/image68_07_0.jpeg,GERING
gs://rock-ai-us-central1/images/image68_08.jpeg,GERING
gs://rock-ai-us-central1/images_augmentation/image68_08_0.jpeg,GERING
gs://rock-ai-us-central1/images/image69_00.jpeg,GERING
gs://rock-ai-us-central1/images_augmentation/image69_00_0.jpeg,GERING
gs://rock-ai-us-central1/images/image69_01.jpeg,GERING
gs://rock-ai-us-central1/images_augmentation/image69_01_0.jpeg,GERING
gs://rock-ai-us-central1/images/image69_02.jpeg,GERING
gs://rock-ai-us-central1/images_augmentation/image69_02_0.jpeg,GERING
gs://rock-ai-us-central1/images/image69_03.jpeg,GERING
gs://rock-ai-us-central1/images_augmentation/image69_03_0.jpeg,GERING
gs://rock-ai-us-central1/images/image69_04.jpeg,GERING
gs://rock-ai-us-central1/images_augmentation/image69_04_0.jpeg,GERING
gs://rock-ai-us-central1/images/image69_05.jpeg,GERING
gs://rock-ai-us-central1/images_augmentation/image69_05_0.jpeg,GERING
gs://rock-ai-us-central1/images/image70_00.jpeg,GERING
gs://rock-ai-us-central1/images_augmentation/image70_00_0.jpeg,GERING
gs://rock-ai-us-central1/images/image70_01.jpeg,GERING
gs://rock-ai-us-central1/images_augmentation/image70_01_0.jpeg,GERING
gs://rock-ai-us-central1/images/image70_02.jpeg,GERING
gs://rock-ai-us-central1/images_augmentation/image70_02_0.jpeg,GERING
gs://rock-ai-us-central1/images/image70_03.jpeg,GERING
gs://rock-ai-us-central1/images_augmentation/image70_03_0.jpeg,GERING
gs://rock-ai-us-central1/images/image70_04.jpeg,GERING
gs://rock-ai-us-central1/images_augmentation/image70_04_0.jpeg,GERING
gs://rock-ai-us-central1/images/image70_05.jpeg,GERING
gs://rock-ai-us-central1/images_augmentation/image70_05_0.jpeg,GERING
gs://rock-ai-us-central1/images/image70_06.jpeg,GERING
gs://rock-ai-us-central1/images_augmentation/image70_06_0.jpeg,GERING
gs://rock-ai-us-central1/images/image70_07.jpeg,GERING
gs://rock-ai-us-central1/images_augmentation/image70_07_0.jpeg,GERING
gs://rock-ai-us-central1/images/image70_08.jpeg,GERING
gs://rock-ai-us-central1/images_augmentation/image70_08_0.jpeg,GERING
gs://rock-ai-us-central1/images/image71_00.jpeg,GERING
gs://rock-ai-us-central1/images_augmentation/image71_00_0.jpeg,GERING
gs://rock-ai-us-central1/images/image71_01.jpeg,GERING
gs://rock-ai-us-central1/images_augmentation/image71_01_0.jpeg,GERING
gs://rock-ai-us-central1/images/image71_02.jpeg,GERING
gs://rock-ai-us-central1/images_augmentation/image71_02_0.jpeg,GERING
gs://rock-ai-us-central1/images/image71_03.jpeg,GERING
gs://rock-ai-us-central1/images_augmentation/image71_03_0.jpeg,GERING
gs://rock-ai-us-central1/images/image71_04.jpeg,GERING
gs://rock-ai-us-central1/images_augmentation/image71_04_0.jpeg,GERING
gs://rock-ai-us-central1/images/image71_05.jpeg,GERING
gs://rock-ai-us-central1/images_augmentation/image71_05_0.jpeg,GERING
gs://rock-ai-us-central1/images/image72_00.jpeg,SEHR_GERING
gs://rock-ai-us-central1/images_augmentation/image72_00_0.jpeg,SEHR_GERING
gs://rock-ai-us-central1/images/image72_01.jpeg,SEHR_GERING
gs://rock-ai-us-central1/images_augmentation/image72_01_0.jpeg,SEHR_GERING
gs://rock-ai-us-central1/images/image72_02.jpeg,SEHR_GERING
gs://rock-ai-us-central1/images_augmentation/image72_02_0.jpeg,SEHR_GERING
gs://rock-ai-us-central1/images/image72_03.jpeg,SEHR_GERING
gs://rock-ai-us-central1/images_augmentation/image72_03_0.jpeg,SEHR_GERING
gs://rock-ai-us-central1/images/image72_04.jpeg,SEHR_GERING
gs://rock-ai-us-central1/images_augmentation/image72_04_0.jpeg,SEHR_GERING
gs://rock-ai-us-central1/images/image73_00.jpeg,GERING
gs://rock-ai-us-central1/images_augmentation/image73_00_0.jpeg,GERING
gs://rock-ai-us-central1/images/image73_01.jpeg,GERING
gs://rock-ai-us-central1/images_augmentation/image73_01_0.jpeg,GERING
gs://rock-ai-us-central1/images/image73_02.jpeg,GERING
gs://rock-ai-us-central1/images_augmentation/image73_02_0.jpeg,GERING
gs://rock-ai-us-central1/images/image73_03.jpeg,GERING
gs://rock-ai-us-central1/images_augmentation/image73_03_0.jpeg,GERING
gs://rock-ai-us-central1/images/image73_04.jpeg,GERING
gs://rock-ai-us-central1/images_augmentation/image73_04_0.jpeg,GERING
gs://rock-ai-us-central1/images/image73_05.jpeg,GERING
gs://rock-ai-us-central1/images_augmentation/image73_05_0.jpeg,GERING
gs://rock-ai-us-central1/images/image73_06.jpeg,GERING
gs://rock-ai-us-central1/images_augmentation/image73_06_0.jpeg,GERING
gs://rock-ai-us-central1/images/image74_00.jpeg,MITTEL
gs://rock-ai-us-central1/images_augmentation/image74_00_0.jpeg,MITTEL
gs://rock-ai-us-central1/images/image74_01.jpeg,MITTEL
gs://rock-ai-us-central1/images_augmentation/image74_01_0.jpeg,MITTEL
gs://rock-ai-us-central1/images/image74_02.jpeg,MITTEL
gs://rock-ai-us-central1/images_augmentation/image74_02_0.jpeg,MITTEL
gs://rock-ai-us-central1/images/image74_03.jpeg,MITTEL
gs://rock-ai-us-central1/images_augmentation/image74_03_0.jpeg,MITTEL
gs://rock-ai-us-central1/images/image75_00.jpeg,MITTEL
gs://rock-ai-us-central1/images_augmentation/image75_00_0.jpeg,MITTEL
gs://rock-ai-us-central1/images/image75_01.jpeg,MITTEL
gs://rock-ai-us-central1/images_augmentation/image75_01_0.jpeg,MITTEL
gs://rock-ai-us-central1/images/image75_02.jpeg,MITTEL
gs://rock-ai-us-central1/images_augmentation/image75_02_0.jpeg,MITTEL
gs://rock-ai-us-central1/images/image75_03.jpeg,MITTEL
gs://rock-ai-us-central1/images_augmentation/image75_03_0.jpeg,MITTEL
gs://rock-ai-us-central1/images/image75_04.jpeg,MITTEL
gs://rock-ai-us-central1/images_augmentation/image75_04_0.jpeg,MITTEL
gs://rock-ai-us-central1/images/image75_05.jpeg,MITTEL
gs://rock-ai-us-central1/images_augmentation/image75_05_0.jpeg,MITTEL
gs://rock-ai-us-central1/images/image76_00.jpeg,MITTEL
gs://rock-ai-us-central1/images_augmentation/image76_00_0.jpeg,MITTEL
gs://rock-ai-us-central1/images/image76_01.jpeg,MITTEL
gs://rock-ai-us-central1/images_augmentation/image76_01_0.jpeg,MITTEL
gs://rock-ai-us-central1/images/image76_02.jpeg,MITTEL
gs://rock-ai-us-central1/images_augmentation/image76_02_0.jpeg,MITTEL
gs://rock-ai-us-central1/images/image76_03.jpeg,MITTEL
gs://rock-ai-us-central1/images_augmentation/image76_03_0.jpeg,MITTEL
gs://rock-ai-us-central1/images/image76_04.jpeg,MITTEL
gs://rock-ai-us-central1/images_augmentation/image76_04_0.jpeg,MITTEL
gs://rock-ai-us-central1/images/image76_05.jpeg,MITTEL
gs://rock-ai-us-central1/images_augmentation/image76_05_0.jpeg,MITTEL
gs://rock-ai-us-central1/images/image76_06.jpeg,MITTEL
gs://rock-ai-us-central1/images_augmentation/image76_06_0.jpeg,MITTEL
gs://rock-ai-us-central1/images/image77_00.jpeg,HOCH
gs://rock-ai-us-central1/images_augmentation/image77_00_0.jpeg,HOCH
gs://rock-ai-us-central1/images/image77_01.jpeg,HOCH
gs://rock-ai-us-central1/images_augmentation/image77_01_0.jpeg,HOCH
gs://rock-ai-us-central1/images/image77_02.jpeg,HOCH
gs://rock-ai-us-central1/images_augmentation/image77_02_0.jpeg,HOCH
gs://rock-ai-us-central1/images/image77_03.jpeg,HOCH
gs://rock-ai-us-central1/images_augmentation/image77_03_0.jpeg,HOCH
gs://rock-ai-us-central1/images/image77_04.jpeg,HOCH
gs://rock-ai-us-central1/images_augmentation/image77_04_0.jpeg,HOCH
gs://rock-ai-us-central1/images/image77_05.jpeg,HOCH
gs://rock-ai-us-central1/images_augmentation/image77_05_0.jpeg,HOCH
gs://rock-ai-us-central1/images/image78_00.jpeg,GERING
gs://rock-ai-us-central1/images_augmentation/image78_00_0.jpeg,GERING
gs://rock-ai-us-central1/images/image78_01.jpeg,GERING
gs://rock-ai-us-central1/images_augmentation/image78_01_0.jpeg,GERING
gs://rock-ai-us-central1/images/image78_02.jpeg,GERING
gs://rock-ai-us-central1/images_augmentation/image78_02_0.jpeg,GERING
gs://rock-ai-us-central1/images/image78_03.jpeg,GERING
gs://rock-ai-us-central1/images_augmentation/image78_03_0.jpeg,GERING
gs://rock-ai-us-central1/images/image78_04.jpeg,GERING
gs://rock-ai-us-central1/images_augmentation/image78_04_0.jpeg,GERING
gs://rock-ai-us-central1/images/image78_05.jpeg,GERING
gs://rock-ai-us-central1/images_augmentation/image78_05_0.jpeg,GERING
gs://rock-ai-us-central1/images/image78_06.jpeg,GERING
gs://rock-ai-us-central1/images_augmentation/image78_06_0.jpeg,GERING
gs://rock-ai-us-central1/images/image78_07.jpeg,GERING
gs://rock-ai-us-central1/images_augmentation/image78_07_0.jpeg,GERING
gs://rock-ai-us-central1/images/image78_08.jpeg,GERING
gs://rock-ai-us-central1/images_augmentation/image78_08_0.jpeg,GERING
gs://rock-ai-us-central1/images/image79_00.jpeg,MITTEL
gs://rock-ai-us-central1/images_augmentation/image79_00_0.jpeg,MITTEL
gs://rock-ai-us-central1/images/image79_01.jpeg,MITTEL
gs://rock-ai-us-central1/images_augmentation/image79_01_0.jpeg,MITTEL
gs://rock-ai-us-central1/images/image79_02.jpeg,MITTEL
gs://rock-ai-us-central1/images_augmentation/image79_02_0.jpeg,MITTEL
gs://rock-ai-us-central1/images/image79_03.jpeg,MITTEL
gs://rock-ai-us-central1/images_augmentation/image79_03_0.jpeg,MITTEL
gs://rock-ai-us-central1/images/image79_04.jpeg,MITTEL
gs://rock-ai-us-central1/images_augmentation/image79_04_0.jpeg,MITTEL
gs://rock-ai-us-central1/images/image80_00.jpeg,HOCH
gs://rock-ai-us-central1/images_augmentation/image80_00_0.jpeg,HOCH
gs://rock-ai-us-central1/images/image80_01.jpeg,HOCH
gs://rock-ai-us-central1/images_augmentation/image80_01_0.jpeg,HOCH
gs://rock-ai-us-central1/images/image80_02.jpeg,HOCH
gs://rock-ai-us-central1/images_augmentation/image80_02_0.jpeg,HOCH
gs://rock-ai-us-central1/images/image80_03.jpeg,HOCH
gs://rock-ai-us-central1/images_augmentation/image80_03_0.jpeg,HOCH
gs://rock-ai-us-central1/images/image80_04.jpeg,HOCH
gs://rock-ai-us-central1/images_augmentation/image80_04_0.jpeg,HOCH
gs://rock-ai-us-central1/images/image80_05.jpeg,HOCH
gs://rock-ai-us-central1/images_augmentation/image80_05_0.jpeg,HOCH
gs://rock-ai-us-central1/images/image80_06.jpeg,HOCH
gs://rock-ai-us-central1/images_augmentation/image80_06_0.jpeg,HOCH
gs://rock-ai-us-central1/images/image80_07.jpeg,HOCH
gs://rock-ai-us-central1/images_augmentation/image80_07_0.jpeg,HOCH
gs://rock-ai-us-central1/images/image81_00.jpeg,GERING
gs://rock-ai-us-central1/images_augmentation/image81_00_0.jpeg,GERING
gs://rock-ai-us-central1/images/image81_01.jpeg,GERING
gs://rock-ai-us-central1/images_augmentation/image81_01_0.jpeg,GERING
gs://rock-ai-us-central1/images/image81_02.jpeg,GERING
gs://rock-ai-us-central1/images_augmentation/image81_02_0.jpeg,GERING
gs://rock-ai-us-central1/images/image81_03.jpeg,GERING
gs://rock-ai-us-central1/images_augmentation/image81_03_0.jpeg,GERING
gs://rock-ai-us-central1/images/image81_04.jpeg,GERING
gs://rock-ai-us-central1/images_augmentation/image81_04_0.jpeg,GERING
gs://rock-ai-us-central1/images/image81_05.jpeg,GERING
gs://rock-ai-us-central1/images_augmentation/image81_05_0.jpeg,GERING
gs://rock-ai-us-central1/images/image81_06.jpeg,GERING
gs://rock-ai-us-central1/images_augmentation/image81_06_0.jpeg,GERING
gs://rock-ai-us-central1/images/image82_00.jpeg,HOCH
gs://rock-ai-us-central1/images_augmentation/image82_00_0.jpeg,HOCH
gs://rock-ai-us-central1/images/image82_01.jpeg,HOCH
gs://rock-ai-us-central1/images_augmentation/image82_01_0.jpeg,HOCH
gs://rock-ai-us-central1/images/image82_02.jpeg,HOCH
gs://rock-ai-us-central1/images_augmentation/image82_02_0.jpeg,HOCH
gs://rock-ai-us-central1/images/image82_03.jpeg,HOCH
gs://rock-ai-us-central1/images_augmentation/image82_03_0.jpeg,HOCH
gs://rock-ai-us-central1/images/image82_04.jpeg,HOCH
gs://rock-ai-us-central1/images_augmentation/image82_04_0.jpeg,HOCH
gs://rock-ai-us-central1/images/image82_05.jpeg,HOCH
gs://rock-ai-us-central1/images_augmentation/image82_05_0.jpeg,HOCH
gs://rock-ai-us-central1/images/image82_06.jpeg,HOCH
gs://rock-ai-us-central1/images_augmentation/image82_06_0.jpeg,HOCH
gs://rock-ai-us-central1/images/image83_00.jpeg,MITTEL
gs://rock-ai-us-central1/images_augmentation/image83_00_0.jpeg,MITTEL
gs://rock-ai-us-central1/images/image83_01.jpeg,MITTEL
gs://rock-ai-us-central1/images_augmentation/image83_01_0.jpeg,MITTEL
gs://rock-ai-us-central1/images/image83_02.jpeg,MITTEL
gs://rock-ai-us-central1/images_augmentation/image83_02_0.jpeg,MITTEL
gs://rock-ai-us-central1/images/image83_03.jpeg,MITTEL
gs://rock-ai-us-central1/images_augmentation/image83_03_0.jpeg,MITTEL
gs://rock-ai-us-central1/images/image83_04.jpeg,MITTEL
gs://rock-ai-us-central1/images_augmentation/image83_04_0.jpeg,MITTEL
gs://rock-ai-us-central1/images/image83_05.jpeg,MITTEL
gs://rock-ai-us-central1/images_augmentation/image83_05_0.jpeg,MITTEL
gs://rock-ai-us-central1/images/image83_06.jpeg,MITTEL
gs://rock-ai-us-central1/images_augmentation/image83_06_0.jpeg,MITTEL
gs://rock-ai-us-central1/images/image83_07.jpeg,MITTEL
gs://rock-ai-us-central1/images_augmentation/image83_07_0.jpeg,MITTEL
gs://rock-ai-us-central1/images/image83_08.jpeg,MITTEL
gs://rock-ai-us-central1/images_augmentation/image83_08_0.jpeg,MITTEL
